"StartDate","EndDate","Status","IPAddress","Progress","Duration (in seconds)","Finished","RecordedDate","ResponseId","RecipientLastName","RecipientFirstName","RecipientEmail","ExternalReference","LocationLatitude","LocationLongitude","DistributionChannel","UserLanguage","fam1","fam2","fam3","fam4","scalar_anchorAll_s1","scalar_probeEarly_s2","scalar_criticalOneSet_s3","scalar_shape1","scalar_criticalOneSet_s4","scalar_shape2","scalar_critical_s5","scalar_shape3","scalar_critical_s6","scalar_someAll_s7","scalar_noneSome_s8","scalar_noneVis_s9","scalar_allVis_s10","scalar_probe_s11","number_anchorFive_s1","number_probeEarly_s2","number_critical_s3","number_shape1","number_critical_s4","number_shape2","number_critical_s5","number_shape3","number_critical_s6","number_twoMore_s7","number_oneTwo_s8","number_threeVis_s9","number_fiveVis_s10","number_probe_s11"
"Start Date","End Date","Response Type","IP Address","Progress","Duration (in seconds)","Finished","Recorded Date","Response ID","Recipient Last Name","Recipient First Name","Recipient Email","External Data Reference","Location Latitude","Location Longitude","Distribution Channel","User Language","fam1","fam2","fam3","fam4","scalar_anchorAll_s1","scalar_probeEarly_s2","scalar_criticalOneSet_s3","scalar_shape1","scalar_criticalOneSet_s4","scalar_shape2","scalar_critical_s5","scalar_shape3","scalar_critical_s6","scalar_someAll_s7","scalar_noneSome_s8","scalar_noneVis_s9","scalar_allVis_s10","scalar_probe_s11","number_anchorFive_s1","number_probeEarly_s2","number_critical_s3","number_shape1","number_critical_s4","number_shape2","number_critical_s5","number_shape3","number_critical_s6","number_twoMore_s7","number_oneTwo_s8","number_threeVis_s9","number_fiveVis_s10","number_probe_s11"
"{""ImportId"":""startDate"",""timeZone"":""America/Denver""}","{""ImportId"":""endDate"",""timeZone"":""America/Denver""}","{""ImportId"":""status""}","{""ImportId"":""ipAddress""}","{""ImportId"":""progress""}","{""ImportId"":""duration""}","{""ImportId"":""finished""}","{""ImportId"":""recordedDate"",""timeZone"":""America/Denver""}","{""ImportId"":""_recordId""}","{""ImportId"":""recipientLastName""}","{""ImportId"":""recipientFirstName""}","{""ImportId"":""recipientEmail""}","{""ImportId"":""externalDataReference""}","{""ImportId"":""locationLatitude""}","{""ImportId"":""locationLongitude""}","{""ImportId"":""distributionChannel""}","{""ImportId"":""userLanguage""}","{""ImportId"":""fam1""}","{""ImportId"":""fam2""}","{""ImportId"":""fam3""}","{""ImportId"":""fam4""}","{""ImportId"":""scalar_anchorAll_s1""}","{""ImportId"":""scalar_probeEarly_s2""}","{""ImportId"":""scalar_criticalOneSet_s3""}","{""ImportId"":""scalar_shape1""}","{""ImportId"":""scalar_criticalOneSet_s4""}","{""ImportId"":""scalar_shape2""}","{""ImportId"":""scalar_critical_s5""}","{""ImportId"":""scalar_shape3""}","{""ImportId"":""scalar_critical_s6""}","{""ImportId"":""scalar_someAll_s7""}","{""ImportId"":""scalar_noneSome_s8""}","{""ImportId"":""scalar_noneVis_s9""}","{""ImportId"":""scalar_allVis_s10""}","{""ImportId"":""scalar_probe_s11""}","{""ImportId"":""number_anchorFive_s1""}","{""ImportId"":""number_probeEarly_s2""}","{""ImportId"":""number_critical_s3""}","{""ImportId"":""number_shape1""}","{""ImportId"":""number_critical_s4""}","{""ImportId"":""number_shape2""}","{""ImportId"":""number_critical_s5""}","{""ImportId"":""number_shape3""}","{""ImportId"":""number_critical_s6""}","{""ImportId"":""number_twoMore_s7""}","{""ImportId"":""number_oneTwo_s8""}","{""ImportId"":""number_threeVis_s9""}","{""ImportId"":""number_fiveVis_s10""}","{""ImportId"":""number_probe_s11""}"
"2026-09-03 12:35:33","2026-09-03 12:35:33","IP Address","","100","246","True","2026-09-03 12:35:33","R_XY3x6ncIVMFQy8t","","","","","","","anonymous","EN","1","1","3","3","2","3","2","1","3","3","2","1","3","1","2","1","2","3","","","","","","","","","","","","","",""
"2026-09-03 12:36:10","2026-09-03 12:36:10","IP Address","","100","339","True","2026-09-03 12:36:10","R_jCkzawA1rvNwD64","","","","","","","anonymous","EN","1","1","3","3","2","3","2","1","2","3","2","1","2","1","1","1","2","1","","","","","","","","","","","","","",""
"2026-09-03 12:40:10","2026-09-03 12:40:10","IP Address","","100","244","True","2026-09-03 12:40:10","R_V3WuBVS7WOZOL8D","","","","","","","anonymous","EN","1","1","3","3","","","","","","","","","","","","","","","3","3","3","1","3","3","3","1","3","1","2","2","2","3"
"2026-09-03 12:46:00","2026-09-03 12:46:00","IP Address","","100","349","True","2026-09-03 12:46:00","R_buTdR5UckJEYgMX","","","","","","","anonymous","EN","1","1","3","3","2","3","2","1","2","1","2","1","2","1","2","1","2","3","","","","","","","","","","","","","",""
"2026-09-03 12:49:09","2026-09-03 12:49:09","IP Address","","100","378","True","2026-09-03 12:49:09","R_Bj7z5qSQt857OnW","","","","","","","anonymous","EN","1","1","3","3","","","","","","","","","","","","","","","2","3","3","1","3","3","3","1","3","1","2","2","2","3"
"2026-09-03 12:55:42","2026-09-03 12:55:42","IP Address","","100","92","True","2026-09-03 12:55:42","R_qga66hJJgvxhXGQ","","","","","","","anonymous","EN","1","1","3","3","2","3","2","1","2","3","2","1","2","1","2","1","2","3","","","","","","","","","","","","","",""
"2026-09-03 12:59:13","2026-09-03 12:59:13","IP Address","","100","253","True","2026-09-03 12:59:13","R_Q8jH42rZsoda6mY","","","","","","","anonymous","EN","1","1","3","3","2","3","2","1","2","3","2","1","2","1","2","1","2","3","","","","","","","","","","","","","",""
"2026-09-03 13:04:51","2026-09-03 13:04:51","IP Address","","100","268","True","2026-09-03 13:04:51","R_w1SL97R3jzMJBq4","","","","","","","anonymous","EN","1","1","3","3","","","","","","","","","","","","","","","2","3","3","1","3","3","3","1","3","1","2","2","2","3"
"2026-09-03 13:08:12","2026-09-03 13:08:12","IP Address","","100","216","True","2026-09-03 13:08:12","R_JuwmQEGac9d0P2o","","","","","","","anonymous","EN","1","3","2","2","1","1","2","3","2","3","1","3","3","1","2","2","1","3","","","","","","","","","","","","","",""
"2026-09-03 13:14:38","2026-09-03 13:14:38","IP Address","","100","385","True","2026-09-03 13:14:38","R_EznOZ02PaexTagD","","","","","","","anonymous","EN","1","1","3","3","2","3","2","1","2","3","2","1","2","2","2","1","2","3","","","","","","","","","","","","","",""
"2026-09-03 13:20:42","2026-09-03 13:20:42","IP Address","","100","356","True","2026-09-03 13:20:42","R_JlIgLkFOSgJ390p","","","","","","","anonymous","EN","1","1","3","3","","","","","","","","","","","","","","","2","3","3","1","3","3","3","1","3","1","2","2","2","3"
"2026-09-03 13:27:02","2026-09-03 13:27:02","IP Address","","100","177","True","2026-09-03 13:27:02","R_Ir5rsoNHV3Y5qHQ","","","","","","","anonymous","EN","2","3","2","1","","","","","","","","","","","","","","","2","3","2","3","3","3","1","2","3","1","3","1","2","1"
"2026-09-03 13:31:38","2026-09-03 13:31:38","IP Address","","100","250","True","2026-09-03 13:31:38","R_A69ifrpFP7gmv5E","","","","","","","anonymous","EN","1","1","3","3","2","3","2","1","2","3","2","1","3","1","2","1","2","3","","","","","","","","","","","","","",""
"2026-09-03 13:38:37","2026-09-03 13:38:37","IP Address","","100","416","True","2026-09-03 13:38:37","R_MipiSy6yedWWyqR","","","","","","","anonymous","EN","1","1","3","3","","","","","","","","","","","","","","","2","3","3","1","3","3","3","1","3","1","1","2","2","3"
"2026-09-03 13:43:19","2026-09-03 13:43:19","IP Address","","100","338","True","2026-09-03 13:43:19","R_wkqrOGKWRavFEX0","","","","","","","anonymous","EN","1","1","3","3","","","","","","","","","","","","","","","2","3","3","2","3","3","3","1","3","1","2","2","2","3"
"2026-09-03 13:46:45","2026-09-03 13:46:45","IP Address","","100","276","True","2026-09-03 13:46:45","R_1FWG7zPPZj1pRLJ","","","","","","","anonymous","EN","1","1","3","3","","","","","","","","","","","","","","","2","3","3","1","3","3","3","1","3","1","2","2","2","3"
"2026-09-03 13:47:52","2026-09-03 13:47:52","IP Address","","100","317","True","2026-09-03 13:47:52","R_8dhRorUNrwvoj9j","","","","","","","anonymous","EN","1","1","3","3","","","","","","","","","","","","","","","2","3","3","1","3","3","3","1","3","1","2","2","2","3"
"2026-09-03 13:54:03","2026-09-03 13:54:03","IP Address","","100","300","True","2026-09-03 13:54:03","R_EFr6MdDmMtSglSs","","","","","","","anonymous","EN","1","1","3","3","","","","","","","","","","","","","","","2","3","3","1","3","3","3","1","3","1","2","2","2","3"
"2026-09-03 13:55:36","2026-09-03 13:55:36","IP Address","","100","263","True","2026-09-03 13:55:36","R_8x1qFkBEEPuOugN","","","","","","","anonymous","EN","1","1","3","3","2","3","2","1","2","3","2","1","2","1","2","1","2","3","","","","","","","","","","","","","",""
"2026-09-03 13:56:10","2026-09-03 13:56:10","IP Address","","100","190","True","2026-09-03 13:56:10","R_wgyRNfcEOm50J9I","","","","","","","anonymous","EN","1","3","3","2","2","2","1","3","2","3","1","1","1","1","3","2","2","3","","","","","","","","","","","","","",""
"2026-09-03 14:00:08","2026-09-03 14:00:08","IP Address","","100","290","True","2026-09-03 14:00:08","R_RntsxzvkEbOb5Qv","","","","","","","anonymous","EN","1","1","3","3","2","3","2","1","2","3","2","1","2","1","2","1","2","3","","","","","","","","","","","","","",""
"2026-09-03 14:05:00","2026-09-03 14:05:00","IP Address","","100","233","True","2026-09-03 14:05:00","R_oSi9hkVc6tcban6","","","","","","","anonymous","EN","1","1","3","3","","","","","","","","","","","","","","","2","3","3","1","3","3","3","3","3","1","2","2","2","3"
"2026-09-03 14:11:43","2026-09-03 14:11:43","IP Address","","100","258","True","2026-09-03 14:11:43","R_WlAApjrKcCasias","","","","","","","anonymous","EN","1","1","3","3","2","3","2","1","3","2","2","1","2","1","2","1","2","3","","","","","","","","","","","","","",""
"2026-09-03 14:17:08","2026-09-03 14:17:08","IP Address","","100","330","True","2026-09-03 14:17:08","R_xOvz0KCq4sb0MzC","","","","","","","anonymous","EN","1","1","3","3","2","3","2","1","2","3","2","1","2","1","2","1","2","3","","","","","","","","","","","","","",""
"2026-09-03 14:19:52","2026-09-03 14:19:52","IP Address","","100","393","True","2026-09-03 14:19:52","R_p8Egz72jClthNPT","","","","","","","anonymous","EN","1","1","3","3","2","3","2","1","2","3","3","1","2","1","2","1","2","3","","","","","","","","","","","","","",""
"2026-09-03 14:26:35","2026-09-03 14:26:35","IP Address","","100","191","True","2026-09-03 14:26:35","R_2STUke0S1Z0zHCz","","","","","","","anonymous","EN","1","1","3","3","","","","","","","","","","","","","","","2","3","3","1","3","3","3","1","3","1","2","2","2","3"
"2026-09-03 14:30:10","2026-09-03 14:30:10","IP Address","","100","291","True","2026-09-03 14:30:10","R_ZduiXEIOO1HkKaS","","","","","","","anonymous","EN","1","1","3","3","","","","","","","","","","","","","","","2","3","3","1","3","3","3","1","3","1","2","3","2","3"
"2026-09-03 14:32:31","2026-09-03 14:32:31","IP Address","","100","296","True","2026-09-03 14:32:31","R_sxAaQGilJiDOTQU","","","","","","","anonymous","EN","1","1","3","3","2","3","2","1","2","3","2","1","2","1","2","1","2","2","","","","","","","","","","","","","",""
"2026-09-03 14:37:38","2026-09-03 14:37:38","IP Address","","100","190","True","2026-09-03 14:37:38","R_VrZGO1Q4FtzCBDU","","","","","","","anonymous","EN","1","1","3","3","","","","","","","","","","","","","","","2","3","3","1","3","3","3","1","3","1","2","2","2","1"
"2026-09-03 14:38:22","2026-09-03 14:38:22","IP Address","","100","215","True","2026-09-03 14:38:22","R_bc4EBoskyOpOCQL","","","","","","","anonymous","EN","1","1","3","3","","","","","","","","","","","","","","","2","3","3","1","3","3","3","1","3","3","2","2","2","3"
"2026-09-03 14:42:08","2026-09-03 14:42:08","IP Address","","100","169","True","2026-09-03 14:42:08","R_zRaTtVZPtTiEefE","","","","","","","anonymous","EN","1","1","3","3","2","3","2","1","2","3","2","1","2","1","2","1","2","1","","","","","","","","","","","","","",""
"2026-09-03 14:48:01","2026-09-03 14:48:01","IP Address","","100","215","True","2026-09-03 14:48:01","R_uXYrbFvOqSmdxq8","","","","","","","anonymous","EN","1","1","3","3","","","","","","","","","","","","","","","2","3","3","1","3","3","3","1","3","1","2","2","2","3"
"2026-09-03 14:49:17","2026-09-03 14:49:17","IP Address","","100","227","True","2026-09-03 14:49:17","R_mF3NrxTWI5J3JFj","","","","","","","anonymous","EN","1","1","3","3","","","","","","","","","","","","","","","2","3","3","1","3","3","3","1","3","1","2","2","2","3"
"2026-09-03 14:53:38","2026-09-03 14:53:38","IP Address","","100","223","True","2026-09-03 14:53:38","R_TgMk3drydezmJPc","","","","","","","anonymous","EN","1","1","3","3","","","","","","","","","","","","","","","2","3","3","1","3","3","3","1","3","1","2","2","2","3"
"2026-09-03 14:56:17","2026-09-03 14:56:17","IP Address","","100","207","True","2026-09-03 14:56:17","R_eTDssFblpEfpDtF","","","","","","","anonymous","EN","1","1","3","3","2","2","2","1","3","3","2","1","2","1","2","1","2","3","","","","","","","","","","","","","",""
"2026-09-03 15:01:01","2026-09-03 15:01:01","IP Address","","100","299","True","2026-09-03 15:01:01","R_vsTLh78Sw5cPcnf","","","","","","","anonymous","EN","1","1","3","3","","","","","","","","","","","","","","","2","3","3","1","3","3","3","1","3","1","2","2","2","3"
"2026-09-03 15:04:08","2026-09-03 15:04:08","IP Address","","100","178","True","2026-09-03 15:04:08","R_X6iLSAHUD1w2ISk","","","","","","","anonymous","EN","1","2","1","1","2","3","1","3","2","2","2","3","2","1","2","3","1","1","","","","","","","","","","","","","",""
"2026-09-03 15:08:11","2026-09-03 15:08:11","IP Address","","100","143","True","2026-09-03 15:08:11","R_Y5DVQXcPv5rFf3U","","","","","","","anonymous","EN","1","1","3","3","2","3","2","1","2","3","2","1","3","1","2","1","2","3","","","","","","","","","","","","","",""
"2026-09-03 15:09:52","2026-09-03 15:09:52","IP Address","","100","260","True","2026-09-03 15:09:52","R_vCST2Mk2p8vOuJz","","","","","","","anonymous","EN","1","1","3","3","","","","","","","","","","","","","","","2","3","3","1","3","3","3","1","3","1","2","2","2","3"
"2026-09-03 15:15:40","2026-09-03 15:15:40","IP Address","","100","335","True","2026-09-03 15:15:40","R_Qv9o0Sl1tbRhxl9","","","","","","","anonymous","EN","1","1","3","3","2","3","2","1","2","3","3","1","2","1","2","1","2","3","","","","","","","","","","","","","",""
"2026-09-03 15:21:37","2026-09-03 15:21:37","IP Address","","40","145","False","2026-09-03 15:21:37","R_KR3EivRk01DUbPA","","","","","","","anonymous","EN","2","","","","","","","","","","","","","","","","","","","","","","","","","","","","","","",""
"2026-09-03 15:26:03","2026-09-03 15:26:03","IP Address","","40","388","False","2026-09-03 15:26:03","R_7gQmbGhR2GvdRqW","","","","","","","anonymous","EN","2","","","","","","","","","","","","","","","","","","","","","","","","","","","","","","",""
"2026-09-03 15:30:24","2026-09-03 15:30:24","IP Address","","40","256","False","2026-09-03 15:30:24","R_OjZ0HYclQkE9Wzc","","","","","","","anonymous","EN","3","","","","","","","","","","","","","","","","","","","","","","","","","","","","","","",""
